"match","win home team","draw","win away team"
"BSC Young Boys-FC Luzern",0.271454545454545,0.386227272727273,0.342318181818182
"FC Basel 1893-FC St. Gallen 1879",0.425636363636364,0.197363636363636,0.377
"FC Lausanne-Sport-FC Winterthur",0.490363636363636,0.2815,0.228136363636364
"Grasshopper Club Zürich-FC Zürich",0.183181818181818,0.2225,0.594318181818182
"Servette FC-FC Sion",0.578772727272727,0.230045454545454,0.191181818181818
"Yverdon Sport FC-FC Lugano",0.331590909090909,0.335272727272727,0.333136363636364
