"match","win home team","draw","win away team"
"FC Basel 1893-FC Winterthur",0.344272727272727,0.214863636363636,0.440863636363636
"FC Lausanne-Sport-BSC Young Boys",0.126454545454545,0.1765,0.697045454545455
"FC Lugano-Yverdon Sport FC",0.553590909090909,0.293727272727273,0.152681818181818
"FC Luzern-Servette FC",0.312090909090909,0.237954545454545,0.449954545454545
"FC Zürich-FC Stade-Lausanne-Ouchy",0.644681818181818,0.222409090909091,0.132909090909091
"Grasshopper Club Zürich-FC St. Gallen 1879",0.2815,0.142454545454546,0.576045454545455
