"match","win home team","draw","win away team"
"FC Basel 1893-FC St. Gallen 1879",0.221545454545455,0.274181818181818,0.504272727272727
"FC Lausanne-Sport-FC Stade-Lausanne-Ouchy",0.519045454545455,0.229272727272727,0.251681818181818
"FC Luzern-FC Winterthur",0.539363636363636,0.278,0.182636363636364
"FC Zürich-BSC Young Boys",0.300227272727273,0.424045454545455,0.275727272727273
"Servette FC-Grasshopper Club Zürich",0.798136363636364,0.115954545454545,0.0859090909090909
"Yverdon Sport FC-FC Lugano",0.447818181818182,0.253454545454545,0.298727272727273
