"match","win home team","draw","win away team"
"FC Luzern-FC Zürich",0.772327272727273,0.111572727272727,0.1161
"FC Sion-FC Lugano",0.407409090909091,0.137354545454546,0.455236363636364
"FC St. Gallen 1879-FC Basel 1893",0.570854545454545,0.271454545454546,0.157690909090909
"FC Winterthur-Servette FC",0.129554545454545,0.145627272727273,0.724818181818182
"Grasshopper Club Zürich-BSC Young Boys",0.0952909090909091,0.125709090909091,0.779
