"match","win home team","draw","win away team"
"BSC Young Boys-FC Basel 1893",0.738072727272727,0.167363636363636,0.0945636363636364
