"match","win home team","draw","win away team"
"FC Basel 1893-FC Sion",0.600681818181818,0.287090909090909,0.112227272727273
"FC Luzern-FC Zürich",0.674045454545455,0.149136363636364,0.176818181818182
"FC St. Gallen 1879-FC Lausanne-Sport",0.340590909090909,0.322636363636364,0.336772727272727
"FC Winterthur-FC Lugano",0.174363636363636,0.311636363636364,0.514
"Grasshopper Club Zürich-BSC Young Boys",0.348909090909091,0.153863636363636,0.497227272727273
"Yverdon Sport FC-Servette FC",0.388454545454546,0.122090909090909,0.489454545454545
