"match","win home team","draw","win away team"
"FC Basel 1893-FC Winterthur",0.462909090909091,0.263363636363636,0.273727272727273
"FC Lausanne-Sport-Grasshopper Club Zürich",0.343590909090909,0.234818181818182,0.421590909090909
"FC Lugano-FC St. Gallen 1879",0.517681818181818,0.243090909090909,0.239227272727273
"FC Luzern-FC Stade-Lausanne-Ouchy",0.601181818181818,0.236545454545455,0.162272727272727
"Servette FC-FC Zürich",0.563409090909091,0.201090909090909,0.2355
"Yverdon Sport FC-BSC Young Boys",0.240909090909091,0.377863636363636,0.381227272727273
