"match","win home team","draw","win away team"
"BSC Young Boys-FC Basel 1893",0.449272727272727,0.225636363636364,0.325090909090909
"FC Sion-FC Zürich",0.220636363636364,0.241454545454545,0.537909090909091
"FC St. Gallen 1879-FC Winterthur",0.644,0.199363636363636,0.156636363636364
"Grasshopper Club Zürich-FC Lugano",0.239636363636364,0.218272727272727,0.542090909090909
"Servette FC-FC Luzern",0.577727272727273,0.158954545454545,0.263318181818182
"Yverdon Sport FC-FC Lausanne-Sport",0.492136363636364,0.303181818181818,0.204681818181818
