"match","win home team","draw","win away team"
"BSC Young Boys-FC Winterthur",0.687454545454545,0.202590909090909,0.109954545454545
"FC Lausanne-Sport-Yverdon Sport FC",0.515181818181818,0.168954545454545,0.315863636363636
"FC St. Gallen 1879-FC Luzern",0.522318181818182,0.238,0.239681818181818
"FC Stade-Lausanne-Ouchy-Servette FC",0.251636363636364,0.426772727272727,0.321590909090909
"FC Zürich-FC Lugano",0.423818181818182,0.295727272727273,0.280454545454545
"Grasshopper Club Zürich-FC Basel 1893",0.1975,0.218272727272727,0.584227272727273
