"match","win home team","draw","win away team"
"BSC Young Boys-Grasshopper Club Zürich",0.405318181818182,0.421772727272727,0.172909090909091
"FC Lugano-FC Winterthur",0.734318181818182,0.178863636363636,0.0868181818181818
"FC Luzern-FC Basel 1893",0.648818181818182,0.160318181818182,0.190863636363636
"FC Zürich-FC Sion",0.569318181818182,0.273454545454545,0.157227272727273
"Servette FC-FC Lausanne-Sport",0.528090909090909,0.344090909090909,0.127818181818182
"Yverdon Sport FC-FC St. Gallen 1879",0.449727272727273,0.191772727272727,0.3585
