"match","win home team","draw","win away team"
"BSC Young Boys-FC Luzern",0.851136363636364,0.0968636363636363,0.052
"FC Basel 1893-Servette FC",0.260727272727273,0.365318181818182,0.373954545454545
"FC Lausanne-Sport-FC Zürich",0.311636363636364,0.254363636363636,0.434
"FC St. Gallen 1879-Yverdon Sport FC",0.527272727272727,0.2165,0.256227272727273
"FC Stade-Lausanne-Ouchy-FC Winterthur",0.292363636363636,0.286045454545455,0.421590909090909
"Grasshopper Club Zürich-FC Lugano",0.218636363636364,0.221909090909091,0.559454545454545
