"match","win home team","draw","win away team"
"BSC Young Boys-FC Winterthur",0.764572727272727,0.197081818181818,0.0383454545454545
"FC Basel 1893-FC Luzern",0.540354545454545,0.269409090909091,0.190236363636364
"FC Lugano-Grasshopper Club Zürich",0.5135,0.339545454545455,0.146954545454545
"FC Zürich-FC St. Gallen 1879",0.304772727272727,0.254718181818182,0.440509090909091
"Servette FC-FC Sion",0.564590909090909,0.210036363636364,0.225372727272727
