"match","win home team","draw","win away team"
"FC Basel 1893-FC Lugano",0.416454545454545,0.322136363636364,0.261409090909091
"FC Sion-FC Lausanne-Sport",0.243227272727273,0.265136363636364,0.491636363636364
"FC St. Gallen 1879-BSC Young Boys",0.346772727272727,0.252727272727273,0.4005
"FC Zürich-FC Winterthur",0.692727272727273,0.212954545454545,0.0943181818181818
"Grasshopper Club Zürich-FC Luzern",0.326636363636364,0.228181818181818,0.445181818181818
"Servette FC-Yverdon Sport FC",0.620545454545454,0.243363636363636,0.136090909090909
