"match","win home team","draw","win away team"
"FC Basel 1893-FC Zürich",0.573636363636364,0.313590909090909,0.112772727272727
"FC Luzern-FC Lugano",0.457390909090909,0.239627272727273,0.302981818181818
"FC Sion-FC Winterthur",0.492663636363636,0.193245454545454,0.314090909090909
"FC St. Gallen 1879-BSC Young Boys",0.109263636363636,0.297690909090909,0.593045454545455
"Grasshopper Club Zürich-Servette FC",0.308781818181818,0.236709090909091,0.454509090909091
