"match","win home team","draw","win away team"
"FC Basel 1893-BSC Young Boys",0.413454545454546,0.418772727272727,0.167772727272727
"FC Lugano-FC Winterthur",0.6205,0.234454545454546,0.145045454545455
"FC St. Gallen 1879-FC Lausanne-Sport",0.402772727272727,0.266954545454545,0.330272727272727
"FC Zürich-FC Luzern",0.194272727272727,0.170545454545455,0.635181818181818
"Grasshopper Club Zürich-FC Sion",0.3715,0.295954545454545,0.332545454545455
"Servette FC-Yverdon Sport FC",0.513727272727273,0.321863636363636,0.164409090909091
