"match","win home team","draw","win away team"
"FC Basel 1893-FC Stade-Lausanne-Ouchy",0.299454545454545,0.291318181818182,0.409227272727273
"FC Luzern-FC Zürich",0.594136363636364,0.258727272727273,0.147136363636364
"FC Winterthur-FC Lugano",0.412727272727273,0.15,0.437272727272727
"Grasshopper Club Zürich-BSC Young Boys",0.173590909090909,0.268590909090909,0.557818181818182
"Servette FC-FC Lausanne-Sport",0.506681818181818,0.318181818181818,0.175136363636364
"Yverdon Sport FC-FC St. Gallen 1879",0.228909090909091,0.285272727272727,0.485818181818182
