"match","win home team","draw","win away team"
"BSC Young Boys-FC Luzern",0.761154545454546,0.168863636363636,0.0699818181818182
"FC Lugano-Grasshopper Club Zürich",0.419363636363636,0.3632,0.217436363636364
"FC Winterthur-FC Basel 1893",0.159890909090909,0.292209090909091,0.5479
"FC Zürich-FC Sion",0.603872727272727,0.1493,0.246827272727273
"Servette FC-FC St. Gallen 1879",0.595218181818182,0.249445454545455,0.155336363636364
