"match","win home team","draw","win away team"
"BSC Young Boys-FC St. Gallen 1879",0.524045454545455,0.192454545454545,0.2835
"FC Basel 1893-FC Lausanne-Sport",0.548090909090909,0.317227272727273,0.134681818181818
"FC Winterthur-FC Sion",0.4665,0.295681818181818,0.237818181818182
"FC Zürich-Grasshopper Club Zürich",0.647363636363636,0.278363636363636,0.0742727272727273
"Servette FC-FC Lugano",0.318318181818182,0.333772727272727,0.347909090909091
"Yverdon Sport FC-FC Luzern",0.447454545454545,0.1545,0.398045454545455
