"match","win home team","draw","win away team"
"BSC Young Boys-Servette FC",0.868981818181818,0.0763909090909091,0.0546272727272727
"FC Basel 1893-FC Luzern",0.426372727272727,0.368681818181818,0.204945454545455
"FC Lugano-FC Sion",0.632390909090909,0.192318181818182,0.175290909090909
"FC Winterthur-Grasshopper Club Zürich",0.144136363636364,0.246145454545455,0.609718181818182
"FC Zürich-FC St. Gallen 1879",0.491763636363636,0.274990909090909,0.233245454545455
