"match","win home team","draw","win away team"
"FC Basel 1893-FC Lausanne-Sport",0.479681818181818,0.220181818181818,0.300136363636364
"FC Luzern-FC Lugano",0.512909090909091,0.0930909090909091,0.394
"FC Stade-Lausanne-Ouchy-Grasshopper Club Zürich",0.359136363636364,0.325636363636364,0.315227272727273
"FC Winterthur-Yverdon Sport FC",0.431227272727273,0.296045454545454,0.272727272727273
"FC Zürich-BSC Young Boys",0.291227272727273,0.348090909090909,0.360681818181818
"Servette FC-FC St. Gallen 1879",0.417454545454546,0.308454545454545,0.274090909090909
