"match","win home team","draw","win away team"
"FC Luzern-FC Lausanne-Sport",0.451409090909091,0.216227272727273,0.332363636363636
"FC St. Gallen 1879-BSC Young Boys",0.187636363636364,0.393045454545455,0.419318181818182
"FC Stade-Lausanne-Ouchy-FC Basel 1893",0.412,0.278,0.31
"FC Winterthur-FC Lugano",0.529545454545455,0.177,0.293454545454545
"Servette FC-FC Zürich",0.603954545454546,0.190409090909091,0.205636363636364
"Yverdon Sport FC-Grasshopper Club Zürich",0.365636363636364,0.302818181818182,0.331545454545455
