"match","win home team","draw","win away team"
"FC Basel 1893-FC Zürich",0.574509090909091,0.239072727272727,0.186418181818182
"FC Lugano-BSC Young Boys",0.128981818181818,0.230927272727273,0.640090909090909
"FC Luzern-FC St. Gallen 1879",0.378581818181818,0.189127272727273,0.432290909090909
"FC Winterthur-FC Sion",0.244054545454545,0.2518,0.504145454545455
"Grasshopper Club Zürich-Servette FC",0.2308,0.152836363636364,0.616363636363636
