"match","win home team","draw","win away team"
"BSC Young Boys-Grasshopper Club Zürich",0.824681818181818,0.1255,0.0498181818181818
"FC Lausanne-Sport-FC St. Gallen 1879",0.3755,0.183227272727273,0.441272727272727
"FC Lugano-FC Basel 1893",0.591909090909091,0.255954545454545,0.152136363636364
"FC Luzern-Yverdon Sport FC",0.464136363636364,0.186136363636364,0.349727272727273
"FC Zürich-FC Winterthur",0.453045454545455,0.372272727272727,0.174681818181818
"Servette FC-FC Stade-Lausanne-Ouchy",0.579045454545455,0.314136363636364,0.106818181818182
