"match","win home team","draw","win away team"
"BSC Young Boys-Grasshopper Club Zürich",0.915272727272727,0.056,0.0287272727272727
"FC Lausanne-Sport-FC St. Gallen 1879",0.241772727272727,0.191954545454545,0.566272727272727
"FC Lugano-FC Stade-Lausanne-Ouchy",0.497636363636364,0.283318181818182,0.219045454545454
"FC Winterthur-Servette FC",0.428454545454545,0.190727272727273,0.380818181818182
"FC Zürich-FC Basel 1893",0.710136363636364,0.190636363636364,0.0992272727272728
"Yverdon Sport FC-FC Luzern",0.365318181818182,0.225818181818182,0.408863636363636
