"match","win home team","draw","win away team"
"BSC Young Boys-FC Basel 1893",0.761272727272727,0.171090909090909,0.0676363636363636
"FC St. Gallen 1879-FC Lugano",0.554590909090909,0.209,0.236409090909091
"FC Stade-Lausanne-Ouchy-FC Luzern",0.376227272727273,0.2315,0.392272727272727
"FC Winterthur-Grasshopper Club Zürich",0.517727272727273,0.209863636363636,0.272409090909091
"Servette FC-FC Lausanne-Sport",0.550090909090909,0.373545454545455,0.0763636363636364
"Yverdon Sport FC-FC Zürich",0.361136363636364,0.151545454545455,0.487318181818182
