"match","win home team","draw","win away team"
"BSC Young Boys-FC Lausanne-Sport",0.795181818181818,0.163227272727273,0.0415909090909091
"FC St. Gallen 1879-FC Basel 1893",0.596090909090909,0.226,0.177909090909091
"FC Stade-Lausanne-Ouchy-FC Lugano",0.273909090909091,0.273272727272727,0.452818181818182
"FC Winterthur-FC Luzern",0.179727272727273,0.275909090909091,0.544363636363636
"FC Zürich-Yverdon Sport FC",0.5855,0.249045454545455,0.165454545454545
"Grasshopper Club Zürich-Servette FC",0.267318181818182,0.272409090909091,0.460272727272727
