"match","win home team","draw","win away team"
"FC Lugano-FC Lausanne-Sport",0.573363636363636,0.318227272727273,0.108409090909091
"FC Luzern-FC Basel 1893",0.444136363636364,0.139363636363636,0.4165
"FC Winterthur-BSC Young Boys",0.282909090909091,0.371363636363636,0.345727272727273
"FC Zürich-FC St. Gallen 1879",0.443727272727273,0.405863636363636,0.150409090909091
"Servette FC-Grasshopper Club Zürich",0.676090909090909,0.2175,0.106409090909091
"Yverdon Sport FC-FC Stade-Lausanne-Ouchy",0.479090909090909,0.292045454545455,0.228863636363636
