"match","win home team","draw","win away team"
"FC Basel 1893-FC St. Gallen 1879",0.389690909090909,0.253345454545454,0.356963636363636
"FC Lugano-Servette FC",0.163927272727273,0.158145454545455,0.677927272727273
"FC Luzern-BSC Young Boys",0.106781818181818,0.276218181818182,0.617
"FC Sion-FC Winterthur",0.653963636363636,0.171581818181818,0.174454545454545
"Grasshopper Club Zürich-FC Zürich",0.598454545454545,0.239254545454545,0.162290909090909
