"match","win home team","draw","win away team"
"BSC Young Boys-FC St. Gallen 1879",0.651363636363636,0.170318181818182,0.178318181818182
"FC Lausanne-Sport-FC Luzern",0.37,0.206772727272727,0.423227272727273
"FC Lugano-Servette FC",0.5585,0.233818181818182,0.207681818181818
"FC Sion-Yverdon Sport FC",0.501272727272727,0.276272727272727,0.222454545454545
"FC Winterthur-FC Basel 1893",0.196318181818182,0.257045454545454,0.546636363636364
"Grasshopper Club Zürich-FC Zürich",0.352318181818182,0.150954545454545,0.496727272727273
