"match","win home team","draw","win away team"
"FC Basel 1893-FC Winterthur",0.55,0.299090909090909,0.150909090909091
"FC Luzern-FC Sion",0.648181818181818,0.23,0.121818181818182
"FC St. Gallen 1879-FC Zürich",0.73,0.178181818181818,0.0918181818181818
"Grasshopper Club Zürich-FC Lugano",0.21,0.125454545454545,0.664545454545455
"Servette FC-BSC Young Boys",0.236363636363636,0.375454545454545,0.388181818181818
