"match","win home team","draw","win away team"
"BSC Young Boys-FC Lugano",0.902654545454545,0.0746090909090909,0.0227363636363636
"FC Basel 1893-Servette FC",0.324218181818182,0.291309090909091,0.384472727272727
"FC St. Gallen 1879-FC Luzern",0.582872727272727,0.223563636363636,0.193563636363636
"FC Winterthur-FC Sion",0.208563636363636,0.261754545454545,0.529681818181818
"Grasshopper Club Zürich-FC Zürich",0.647154545454545,0.174227272727273,0.178618181818182
