"match","win home team","draw","win away team"
"BSC Young Boys-Yverdon Sport FC",0.858227272727273,0.110954545454545,0.0308181818181818
"FC Lugano-Grasshopper Club Zürich",0.503136363636364,0.192863636363636,0.304
"FC St. Gallen 1879-Servette FC",0.509818181818182,0.213909090909091,0.276272727272727
"FC Stade-Lausanne-Ouchy-FC Luzern",0.4035,0.283681818181818,0.312818181818182
"FC Winterthur-FC Basel 1893",0.482454545454546,0.237954545454546,0.279590909090909
"FC Zürich-FC Lausanne-Sport",0.635454545454545,0.275818181818182,0.0887272727272727
