"match","win home team","draw","win away team"
"FC Sion-FC Luzern",0.754290909090909,0.0971272727272728,0.148581818181818
"FC St. Gallen 1879-FC Lugano",0.606272727272727,0.133181818181818,0.260545454545455
"FC Winterthur-Grasshopper Club Zürich",0.300872727272727,0.380981818181818,0.318145454545455
"FC Zürich-BSC Young Boys",0.0989636363636364,0.263690909090909,0.637345454545455
"Servette FC-FC Basel 1893",0.720109090909091,0.189236363636364,0.0906545454545455
