"match","win home team","draw","win away team"
"FC Basel 1893-Yverdon Sport FC",0.509090909090909,0.265181818181818,0.225727272727273
"FC Luzern-FC Winterthur",0.366045454545455,0.309545454545455,0.324409090909091
"FC St. Gallen 1879-FC Zürich",0.471909090909091,0.201181818181818,0.326909090909091
"Grasshopper Club Zürich-FC Sion",0.293318181818182,0.31,0.396681818181818
"Servette FC-BSC Young Boys",0.544272727272727,0.243772727272727,0.211954545454545
