"match","win home team","draw","win away team"
"FC Luzern-FC Basel 1893",0.510681818181818,0.221363636363636,0.267954545454545
"FC St. Gallen 1879-FC Zürich",0.369363636363636,0.252772727272727,0.377863636363637
"FC Stade-Lausanne-Ouchy-BSC Young Boys",0.0367727272727273,0.299818181818182,0.663409090909091
"FC Winterthur-FC Lausanne-Sport",0.208772727272727,0.293863636363636,0.497363636363636
"Grasshopper Club Zürich-Yverdon Sport FC",0.444954545454545,0.280909090909091,0.274136363636364
"Servette FC-FC Lugano",0.658818181818182,0.228,0.113181818181818
