"match","win home team","draw","win away team"
"BSC Young Boys-FC St. Gallen 1879",0.821654545454545,0.112272727272727,0.0660727272727273
"FC Lugano-FC Basel 1893",0.476163636363636,0.272818181818182,0.251018181818182
"FC Zürich-FC Winterthur",0.325381818181818,0.325945454545455,0.348672727272727
"Grasshopper Club Zürich-FC Sion",0.651618181818182,0.1266,0.221781818181818
"Servette FC-FC Luzern",0.731436363636364,0.135472727272727,0.133090909090909
