"match","win home team","draw","win away team"
"BSC Young Boys-FC Lausanne-Sport",0.419318181818182,0.315772727272727,0.264909090909091
"FC Lugano-FC St. Gallen 1879",0.407045454545455,0.303181818181818,0.289772727272727
"FC Sion-FC Basel 1893",0.292954545454545,0.266772727272727,0.440272727272727
"FC Winterthur-Servette FC",0.372181818181818,0.104045454545455,0.523772727272727
"FC Zürich-FC Luzern",0.377318181818182,0.331045454545455,0.291636363636363
"Yverdon Sport FC-Grasshopper Club Zürich",0.462090909090909,0.273136363636363,0.264772727272727
