"match","win home team","draw","win away team"
"BSC Young Boys-FC Winterthur",0.508636363636364,0.240727272727273,0.250636363636364
"FC Lausanne-Sport-FC Luzern",0.542863636363636,0.215181818181818,0.241954545454545
"FC Lugano-FC Basel 1893",0.505318181818182,0.216818181818182,0.277863636363636
"FC Sion-Grasshopper Club Zürich",0.528909090909091,0.338272727272727,0.132818181818182
"FC Zürich-Yverdon Sport FC",0.490590909090909,0.383454545454545,0.125954545454545
"Servette FC-FC St. Gallen 1879",0.494590909090909,0.199636363636364,0.305772727272727
