"match","win home team","draw","win away team"
"BSC Young Boys-FC Luzern",0.763727272727273,0.215490909090909,0.0207818181818182
"FC Lugano-FC Winterthur",0.362563636363636,0.392981818181818,0.244454545454545
"FC Sion-FC St. Gallen 1879",0.398963636363636,0.184272727272727,0.416763636363636
"FC Zürich-Servette FC",0.187781818181818,0.159818181818182,0.6524
"Grasshopper Club Zürich-FC Basel 1893",0.494,0.222090909090909,0.283909090909091
