"match","win home team","draw","win away team"
"FC Basel 1893-FC St. Gallen 1879",0.283363636363636,0.193954545454545,0.522681818181818
"FC Lugano-BSC Young Boys",0.156272727272727,0.287272727272727,0.556454545454545
"FC Stade-Lausanne-Ouchy-FC Lausanne-Sport",0.265772727272727,0.342954545454545,0.391272727272727
"FC Winterthur-FC Luzern",0.346590909090909,0.168545454545454,0.484863636363636
"FC Zürich-Grasshopper Club Zürich",0.621681818181818,0.227590909090909,0.150727272727273
"Yverdon Sport FC-Servette FC",0.276772727272727,0.254454545454545,0.468772727272727
