"match","win home team","draw","win away team"
"FC Basel 1893-BSC Young Boys",0.0580454545454546,0.474954545454545,0.467
"FC Luzern-FC Lausanne-Sport",0.474045454545454,0.276727272727273,0.249227272727273
"FC St. Gallen 1879-FC Lugano",0.567954545454545,0.281954545454546,0.150090909090909
"FC Stade-Lausanne-Ouchy-FC Winterthur",0.376136363636364,0.305863636363636,0.318
"Grasshopper Club Zürich-FC Zürich",0.206545454545455,0.212863636363636,0.580590909090909
"Servette FC-Yverdon Sport FC",0.606772727272727,0.269727272727273,0.1235
