"match","win home team","draw","win away team"
"BSC Young Boys-FC Lausanne-Sport",0.795,0.164363636363636,0.0406363636363636
"FC St. Gallen 1879-FC Basel 1893",0.576436363636364,0.253909090909091,0.169654545454545
"FC Stade-Lausanne-Ouchy-FC Lugano",0.286818181818182,0.266781818181818,0.4464
"FC Winterthur-FC Luzern",0.178509090909091,0.263818181818182,0.557672727272727
"FC Zürich-Yverdon Sport FC",0.585618181818182,0.250909090909091,0.163472727272727
"Grasshopper Club Zürich-Servette FC",0.289727272727273,0.272745454545454,0.437527272727273
