"match","win home","draw","win away"
"FC Lausanne-Sport-BSC Young Boys",0.0476190476190476,0.0476190476190476,0.904761904761905
"FC Luzern-FC Lugano",0.428571428571429,0.333333333333333,0.238095238095238
"FC Sion-FC Basel 1893",0.0952380952380952,0.142857142857143,0.761904761904762
"FC Zürich-FC Vaduz",0.285714285714286,0.285714285714286,0.428571428571429
"Servette FC-FC St. Gallen 1879",0.761904761904762,0.19047619047619,0.0476190476190476
