"match","win home team","draw","win away team"
"BSC Young Boys-FC Lausanne-Sport",0.812509090909091,0.15,0.0374909090909091
"FC St. Gallen 1879-FC Basel 1893",0.564727272727273,0.263736363636364,0.171536363636364
"FC Stade-Lausanne-Ouchy-FC Lugano",0.270072727272727,0.2827,0.447227272727273
"FC Winterthur-FC Luzern",0.165090909090909,0.247336363636364,0.587572727272727
"FC Zürich-Yverdon Sport FC",0.585163636363636,0.240454545454545,0.174381818181818
"Grasshopper Club Zürich-Servette FC",0.3743,0.218472727272727,0.407227272727273
