"match","win home team","draw","win away team"
"FC Lausanne-Sport-Grasshopper Club Zürich",0.513,0.289863636363636,0.197136363636364
"FC Lugano-BSC Young Boys",0.660272727272727,0.217545454545455,0.122181818181818
"FC Luzern-Yverdon Sport FC",0.541863636363636,0.329590909090909,0.128545454545454
"FC Sion-FC St. Gallen 1879",0.419409090909091,0.175409090909091,0.405181818181818
"FC Winterthur-FC Basel 1893",0.429181818181818,0.110909090909091,0.459909090909091
"FC Zürich-Servette FC",0.470818181818182,0.288681818181818,0.2405
