"match","win home team","draw","win away team"
"FC Luzern-FC Zürich",0.811818181818182,0.08,0.108181818181818
"FC Sion-FC Lugano",0.410909090909091,0.149090909090909,0.44
"FC St. Gallen 1879-FC Basel 1893",0.58,0.268181818181818,0.151818181818182
"FC Winterthur-Servette FC",0.149090909090909,0.144545454545455,0.706363636363636
"Grasshopper Club Zürich-BSC Young Boys",0.110909090909091,0.122727272727273,0.766363636363636
