"match","win home team","draw","win away team"
"BSC Young Boys-FC Basel 1893",0.887072727272727,0.0806727272727273,0.0322545454545455
"FC Sion-FC Zürich",0.6706,0.241018181818182,0.0883818181818182
"FC Winterthur-FC St. Gallen 1879",0.169618181818182,0.184090909090909,0.646290909090909
"Grasshopper Club Zürich-FC Luzern",0.749090909090909,0.0870727272727273,0.163836363636364
"Servette FC-FC Lugano",0.689036363636364,0.217654545454545,0.0933090909090909
