"match","win home team","draw","win away team"
"FC Basel 1893-Servette FC",0.617863636363636,0.182727272727273,0.199409090909091
"FC Lausanne-Sport-FC Sion",0.518090909090909,0.257,0.224909090909091
"FC Lugano-FC Zürich",0.3945,0.321409090909091,0.284090909090909
"FC Luzern-BSC Young Boys",0.565090909090909,0.229772727272727,0.205136363636364
"FC St. Gallen 1879-Yverdon Sport FC",0.567409090909091,0.281636363636364,0.150954545454546
"Grasshopper Club Zürich-FC Winterthur",0.556,0.225909090909091,0.218090909090909
