"match","win home team","draw","win away team"
"BSC Young Boys-FC Zürich",0.626363636363636,0.254863636363636,0.118772727272727
"FC Basel 1893-Servette FC",0.338136363636364,0.195727272727273,0.466136363636364
"FC Luzern-Yverdon Sport FC",0.498545454545455,0.306590909090909,0.194863636363636
"FC Stade-Lausanne-Ouchy-FC Lausanne-Sport",0.274727272727273,0.197454545454545,0.527818181818182
"FC Winterthur-FC St. Gallen 1879",0.261090909090909,0.149727272727273,0.589181818181818
"Grasshopper Club Zürich-FC Lugano",0.227954545454545,0.161090909090909,0.610954545454545
