"match","win home team","draw","win away team"
"FC Basel 1893-FC Zürich",0.3175,0.136045454545455,0.546454545454546
"FC St. Gallen 1879-FC Luzern",0.510227272727273,0.249863636363636,0.239909090909091
"FC Stade-Lausanne-Ouchy-FC Lugano",0.367227272727273,0.262409090909091,0.370363636363636
"FC Winterthur-Servette FC",0.3835,0.240227272727273,0.376272727272727
"Grasshopper Club Zürich-FC Lausanne-Sport",0.413227272727273,0.281409090909091,0.305363636363636
"Yverdon Sport FC-BSC Young Boys",0.222272727272727,0.314863636363636,0.462863636363636
