"match","win home team","draw","win away team"
"FC Basel 1893-FC Zürich",0.223409090909091,0.329590909090909,0.447
"FC Luzern-FC Lugano",0.463136363636364,0.247545454545455,0.289318181818182
"FC St. Gallen 1879-FC Lausanne-Sport",0.655090909090909,0.209181818181818,0.135727272727273
"FC Stade-Lausanne-Ouchy-Grasshopper Club Zürich",0.463818181818182,0.248227272727273,0.287954545454545
"FC Winterthur-Yverdon Sport FC",0.413181818181818,0.249590909090909,0.337227272727273
"Servette FC-BSC Young Boys",0.187272727272727,0.282909090909091,0.529818181818182
