"match","win home team","draw","win away team"
"FC Basel 1893-FC Sion",0.601136363636364,0.288227272727273,0.110636363636364
"FC Luzern-FC Zürich",0.670863636363636,0.150818181818182,0.178318181818182
"FC St. Gallen 1879-FC Lausanne-Sport",0.336818181818182,0.326681818181818,0.3365
"FC Winterthur-FC Lugano",0.173409090909091,0.312545454545455,0.514045454545455
"Grasshopper Club Zürich-BSC Young Boys",0.344136363636364,0.1585,0.497363636363636
"Yverdon Sport FC-Servette FC",0.396090909090909,0.122,0.481909090909091
