"match","win home team","draw","win away team"
"BSC Young Boys-FC Zürich",0.357454545454546,0.307227272727273,0.335318181818182
"FC Lausanne-Sport-FC St. Gallen 1879",0.410909090909091,0.211272727272727,0.377818181818182
"FC Lugano-Servette FC",0.523545454545455,0.244272727272727,0.232181818181818
"FC Luzern-FC Sion",0.240545454545455,0.393636363636363,0.365818181818182
"FC Winterthur-Yverdon Sport FC",0.653227272727273,0.214772727272727,0.132
"Grasshopper Club Zürich-FC Basel 1893",0.462909090909091,0.142636363636364,0.394454545454546
