"match","win home team","draw","win away team"
"BSC Young Boys-FC Lausanne-Sport",0.552,0.266227272727273,0.181772727272727
"FC Luzern-FC Basel 1893",0.439272727272727,0.325818181818182,0.234909090909091
"FC Sion-FC Lugano",0.251863636363636,0.282772727272727,0.465363636363636
"FC St. Gallen 1879-Grasshopper Club Zürich",0.532954545454545,0.335045454545454,0.132
"FC Zürich-Servette FC",0.37,0.152181818181818,0.477818181818182
"Yverdon Sport FC-FC Winterthur",0.576545454545455,0.248909090909091,0.174545454545455
