"match","win home team","draw","win away team"
"FC Basel 1893-FC Lausanne-Sport",0.385590909090909,0.3765,0.237909090909091
"FC Lugano-Yverdon Sport FC",0.517181818181818,0.249727272727273,0.233090909090909
"FC Luzern-BSC Young Boys",0.145590909090909,0.352181818181818,0.502227272727273
"FC Stade-Lausanne-Ouchy-FC Zürich",0.273227272727273,0.344909090909091,0.381863636363636
"FC Winterthur-Grasshopper Club Zürich",0.153318181818182,0.221227272727273,0.625454545454545
"Servette FC-FC St. Gallen 1879",0.286090909090909,0.275545454545455,0.438363636363636
