"match","win home team","draw","win away team"
"FC Basel 1893-FC Luzern",0.281,0.189227272727273,0.529772727272727
"FC Lugano-FC St. Gallen 1879",0.608636363636364,0.187590909090909,0.203772727272727
"FC Zürich-BSC Young Boys",0.143045454545455,0.492045454545455,0.364909090909091
"Grasshopper Club Zürich-FC Stade-Lausanne-Ouchy",0.553363636363636,0.243818181818182,0.202818181818182
"Servette FC-FC Winterthur",0.602636363636364,0.217863636363636,0.1795
"Yverdon Sport FC-FC Lausanne-Sport",0.344181818181818,0.305227272727273,0.350590909090909
