"match","win home team","draw","win away team"
"FC Basel 1893-FC Lugano",0.444590909090909,0.162454545454545,0.392954545454545
"FC Lausanne-Sport-BSC Young Boys",0.2595,0.355590909090909,0.384909090909091
"FC Luzern-FC St. Gallen 1879",0.403636363636364,0.2585,0.337863636363636
"Grasshopper Club Zürich-FC Winterthur",0.260181818181818,0.382045454545455,0.357772727272727
"Servette FC-FC Stade-Lausanne-Ouchy",0.615727272727273,0.322045454545455,0.0622272727272727
"Yverdon Sport FC-FC Zürich",0.371272727272727,0.207681818181818,0.421045454545455
