"match","win home team","draw","win away team"
"BSC Young Boys-FC Zürich",0.957390909090909,0.0273545454545455,0.0152545454545454
"FC Lugano-FC Winterthur",0.709127272727273,0.202863636363636,0.0880090909090909
"FC St. Gallen 1879-FC Basel 1893",0.531118181818182,0.223736363636364,0.245145454545455
"Grasshopper Club Zürich-FC Luzern",0.428454545454545,0.158163636363636,0.413381818181818
"Servette FC-FC Sion",0.702090909090909,0.174363636363636,0.123545454545455
