"match","win home team","draw","win away team"
"BSC Young Boys-FC Basel 1893",0.921818181818182,0.0645454545454545,0.0136363636363636
"FC Lugano-Servette FC",0.22,0.357272727272727,0.422727272727273
"FC Sion-Grasshopper Club Zürich",0.415454545454545,0.240909090909091,0.343636363636364
"FC Winterthur-FC St. Gallen 1879",0.0618181818181818,0.111818181818182,0.826363636363636
"FC Zürich-FC Luzern",0.635454545454545,0.146363636363636,0.218181818181818
