"match","win home team","draw","win away team"
"BSC Young Boys-FC Lugano",0.835045454545455,0.117590909090909,0.0473636363636364
"FC Lausanne-Sport-FC Zürich",0.216818181818182,0.319636363636364,0.463545454545455
"FC Luzern-Servette FC",0.744227272727273,0.146409090909091,0.109363636363636
"FC Winterthur-FC Stade-Lausanne-Ouchy",0.385454545454545,0.219545454545454,0.395
"Grasshopper Club Zürich-FC St. Gallen 1879",0.120954545454545,0.125318181818182,0.753727272727273
"Yverdon Sport FC-FC Basel 1893",0.332590909090909,0.328681818181818,0.338727272727273
