"match","win home team","draw","win away team"
"BSC Young Boys-Grasshopper Club Zürich",0.9189,0.0359090909090909,0.0451909090909091
"FC Lugano-FC St. Gallen 1879",0.339118181818182,0.276336363636364,0.384545454545455
"FC Sion-Servette FC",0.129663636363636,0.229572727272727,0.640763636363636
"FC Winterthur-FC Luzern",0.249627272727273,0.297190909090909,0.453181818181818
"FC Zürich-FC Basel 1893",0.446718181818182,0.259954545454545,0.293327272727273
