"match","win home team","draw","win away team"
"BSC Young Boys-Servette FC",0.787227272727273,0.165636363636364,0.0471363636363636
"FC Lugano-FC Luzern",0.402954545454545,0.237545454545455,0.3595
"FC St. Gallen 1879-Yverdon Sport FC",0.635181818181818,0.231772727272727,0.133045454545454
"FC Stade-Lausanne-Ouchy-FC Basel 1893",0.467454545454545,0.240545454545455,0.292
"FC Winterthur-FC Zürich",0.147454545454545,0.251590909090909,0.600954545454545
"Grasshopper Club Zürich-FC Lausanne-Sport",0.189590909090909,0.324818181818182,0.485590909090909
