"match","win home team","draw","win away team"
"BSC Young Boys-FC Stade-Lausanne-Ouchy",0.879590909090909,0.0953636363636364,0.0250454545454545
"FC Lausanne-Sport-Yverdon Sport FC",0.308818181818182,0.227363636363636,0.463818181818182
"FC Luzern-FC Zürich",0.363045454545455,0.177954545454546,0.459
"FC St. Gallen 1879-FC Winterthur",0.550954545454545,0.284227272727273,0.164818181818182
"Grasshopper Club Zürich-FC Basel 1893",0.351772727272727,0.167318181818182,0.480909090909091
"Servette FC-FC Lugano",0.581318181818182,0.303772727272727,0.114909090909091
