"match","win home team","draw","win away team"
"BSC Young Boys-FC Sion",0.851409090909091,0.117454545454545,0.0311363636363636
"FC Lausanne-Sport-FC Basel 1893",0.254545454545455,0.240636363636364,0.504818181818182
"FC Lugano-Grasshopper Club Zürich",0.737863636363636,0.191772727272727,0.0703636363636364
"FC Luzern-Servette FC",0.338863636363636,0.167772727272727,0.493363636363636
"FC Winterthur-FC St. Gallen 1879",0.460545454545455,0.125818181818182,0.413636363636364
"Yverdon Sport FC-FC Zürich",0.388772727272727,0.222,0.389227272727273
