"match","win home team","draw","win away team"
"FC Basel 1893-FC Sion",0.657454545454545,0.260772727272727,0.0817727272727273
"FC Lausanne-Sport-Servette FC",0.468409090909091,0.232545454545454,0.299045454545454
"FC Lugano-FC Zürich",0.629363636363636,0.252,0.118636363636364
"FC Winterthur-FC St. Gallen 1879",0.397681818181818,0.0929545454545455,0.509363636363636
"Grasshopper Club Zürich-BSC Young Boys",0.247409090909091,0.2995,0.453090909090909
"Yverdon Sport FC-FC Luzern",0.305818181818182,0.188636363636363,0.505545454545455
