"match","win home team","draw","win away team"
"BSC Young Boys-FC Basel 1893",0.813090909090909,0.140636363636364,0.0462727272727273
"FC Lausanne-Sport-FC Luzern",0.429545454545455,0.247181818181818,0.323272727272727
"FC Lugano-Servette FC",0.506772727272727,0.381227272727273,0.112
"FC St. Gallen 1879-FC Stade-Lausanne-Ouchy",0.707181818181818,0.177181818181818,0.115636363636364
"FC Zürich-FC Winterthur",0.654272727272727,0.279318181818182,0.0664090909090909
"Yverdon Sport FC-Grasshopper Club Zürich",0.495772727272727,0.310272727272727,0.193954545454545
