"match","win home team","draw","win away team"
"BSC Young Boys-FC Lausanne-Sport",0.542636363636364,0.222727272727273,0.234636363636364
"FC St. Gallen 1879-FC Basel 1893",0.274363636363636,0.291636363636364,0.434
"FC Stade-Lausanne-Ouchy-FC Lugano",0.290181818181818,0.259272727272727,0.450545454545455
"FC Winterthur-FC Luzern",0.662,0.156772727272727,0.181227272727273
"FC Zürich-Yverdon Sport FC",0.535863636363636,0.266227272727273,0.197909090909091
"Grasshopper Club Zürich-Servette FC",0.258181818181818,0.241227272727273,0.500590909090909
