"match","win home team","draw","win away team"
"FC Basel 1893-FC Winterthur",0.543545454545455,0.285836363636364,0.170618181818182
"FC Luzern-FC Sion",0.648318181818182,0.221418181818182,0.130263636363636
"FC St. Gallen 1879-FC Zürich",0.742409090909091,0.1665,0.0910909090909091
"Grasshopper Club Zürich-FC Lugano",0.226972727272727,0.138081818181818,0.634945454545455
"Servette FC-BSC Young Boys",0.248227272727273,0.385809090909091,0.365963636363636
