"match","win home team","draw","win away team"
"BSC Young Boys-FC St. Gallen 1879",0.782909090909091,0.138909090909091,0.0781818181818182
"FC Basel 1893-Grasshopper Club Zürich",0.298772727272727,0.266727272727273,0.4345
"FC Lausanne-Sport-Servette FC",0.378454545454545,0.166636363636364,0.454909090909091
"FC Lugano-FC Winterthur",0.666,0.203,0.131
"FC Zürich-FC Luzern",0.593954545454545,0.275227272727273,0.130818181818182
"Yverdon Sport FC-FC Stade-Lausanne-Ouchy",0.418454545454546,0.331181818181818,0.250363636363636
