"match","win home team","draw","win away team"
"BSC Young Boys-FC Lugano",0.581636363636364,0.231863636363636,0.1865
"FC Lausanne-Sport-Grasshopper Club Zürich",0.666409090909091,0.231272727272727,0.102318181818182
"FC Luzern-FC Sion",0.673863636363636,0.210818181818182,0.115318181818182
"FC St. Gallen 1879-FC Basel 1893",0.408227272727273,0.372136363636364,0.219636363636364
"FC Zürich-Yverdon Sport FC",0.616454545454545,0.268727272727273,0.114818181818182
"Servette FC-FC Winterthur",0.554409090909091,0.370227272727273,0.0753636363636364
