"match","win home team","draw","win away team"
"FC Basel 1893-BSC Young Boys",0.157709090909091,0.497081818181818,0.345209090909091
"Servette FC-FC Lugano",0.670418181818182,0.123745454545455,0.205836363636364
