"match","win home team","draw","win away team"
"FC Luzern-FC Zürich",0.792727272727273,0.0918181818181818,0.115454545454545
"FC Sion-FC Lugano",0.378181818181818,0.142727272727273,0.479090909090909
"FC St. Gallen 1879-FC Basel 1893",0.586363636363636,0.261818181818182,0.151818181818182
"FC Winterthur-Servette FC",0.115454545454545,0.135454545454545,0.749090909090909
"Grasshopper Club Zürich-BSC Young Boys",0.100909090909091,0.126363636363636,0.772727272727273
