"match","win home team","draw","win away team"
"FC Basel 1893-FC Luzern",0.207590909090909,0.387909090909091,0.4045
"FC Lugano-FC Lausanne-Sport",0.506181818181818,0.334681818181818,0.159136363636364
"FC St. Gallen 1879-BSC Young Boys",0.280545454545455,0.3155,0.403954545454545
"FC Stade-Lausanne-Ouchy-Yverdon Sport FC",0.255954545454545,0.240545454545455,0.5035
"FC Zürich-Grasshopper Club Zürich",0.706681818181818,0.216454545454546,0.0768636363636364
"Servette FC-FC Winterthur",0.345818181818182,0.336681818181818,0.3175
