"match","win home team","draw","win away team"
"FC Lausanne-Sport-FC Basel 1893",0.316727272727273,0.292363636363636,0.390909090909091
"FC Lugano-BSC Young Boys",0.194409090909091,0.345909090909091,0.459681818181818
"FC St. Gallen 1879-Grasshopper Club Zürich",0.705772727272727,0.189181818181818,0.105045454545455
"FC Zürich-FC Stade-Lausanne-Ouchy",0.726590909090909,0.223818181818182,0.0495909090909091
"Servette FC-FC Luzern",0.485681818181818,0.224818181818182,0.2895
"Yverdon Sport FC-FC Winterthur",0.288090909090909,0.322545454545454,0.389363636363636
