"match","win home team","draw","win away team"
"BSC Young Boys-FC Winterthur",0.923327272727273,0.0682272727272727,0.00844545454545454
"FC Basel 1893-Grasshopper Club Zürich",0.540336363636364,0.259109090909091,0.200554545454545
"FC Luzern-Servette FC",0.385136363636364,0.349290909090909,0.265572727272727
"FC St. Gallen 1879-FC Sion",0.605145454545455,0.176463636363636,0.218390909090909
"FC Zürich-FC Lugano",0.444990909090909,0.240118181818182,0.314890909090909
