"match","win home team","draw","win away team"
"BSC Young Boys-FC St. Gallen 1879",0.729463636363636,0.148445454545455,0.122090909090909
"FC Basel 1893-FC Sion",0.469372727272727,0.206709090909091,0.323918181818182
"FC Lugano-FC Luzern",0.715918181818182,0.173272727272727,0.110809090909091
"FC Zürich-FC Winterthur",0.458527272727273,0.312445454545455,0.229027272727273
"Servette FC-Grasshopper Club Zürich",0.416445454545455,0.350336363636364,0.233218181818182
