"match","win home team","draw","win away team"
"FC Luzern-FC Basel 1893",0.500909090909091,0.315454545454545,0.183636363636364
"FC Sion-FC Lugano",0.490909090909091,0.155454545454545,0.353636363636364
"FC St. Gallen 1879-Grasshopper Club Zürich",0.631818181818182,0.216363636363636,0.151818181818182
"FC Winterthur-BSC Young Boys",0.0336363636363636,0.1,0.866363636363636
"FC Zürich-Servette FC",0.310909090909091,0.246363636363636,0.442727272727273
