"match","win home team","draw","win away team"
"FC Basel 1893-FC Zürich",0.592909090909091,0.222454545454545,0.184636363636364
"FC Lausanne-Sport-Yverdon Sport FC",0.419136363636364,0.2635,0.317363636363636
"FC Sion-FC Lugano",0.292590909090909,0.368045454545455,0.339363636363636
"FC St. Gallen 1879-FC Luzern",0.301727272727273,0.370409090909091,0.327863636363636
"FC Winterthur-BSC Young Boys",0.288272727272727,0.317590909090909,0.394136363636364
"Grasshopper Club Zürich-Servette FC",0.260636363636364,0.153863636363636,0.5855
