"match","win home team","draw","win away team"
"FC Luzern-BSC Young Boys",0.120018181818182,0.3788,0.501181818181818
"FC Sion-FC Zürich",0.5365,0.192581818181818,0.270918181818182
"FC St. Gallen 1879-Servette FC",0.237681818181818,0.2721,0.490218181818182
"FC Winterthur-FC Lugano",0.204836363636364,0.212554545454545,0.582609090909091
"Grasshopper Club Zürich-FC Basel 1893",0.542236363636364,0.228536363636364,0.229227272727273
