"match","win home team","draw","win away team"
"FC Lugano-FC Basel 1893",0.568463636363636,0.280772727272727,0.150763636363636
"FC Luzern-Grasshopper Club Zürich",0.4447,0.349072727272727,0.206227272727273
"FC Sion-FC St. Gallen 1879",0.203854545454545,0.236490909090909,0.559654545454546
"FC Zürich-BSC Young Boys",0.0910818181818182,0.174118181818182,0.7348
"Servette FC-FC Winterthur",0.670190909090909,0.2584,0.0714090909090909
