"match","win home team","draw","win away team"
"FC Basel 1893-BSC Young Boys",0.385727272727273,0.282227272727273,0.332045454545454
"FC Luzern-FC Lausanne-Sport",0.607681818181818,0.279636363636364,0.112681818181818
"FC Sion-Yverdon Sport FC",0.529454545454545,0.282863636363636,0.187681818181818
"FC St. Gallen 1879-Servette FC",0.490045454545455,0.201181818181818,0.308772727272727
"FC Winterthur-Grasshopper Club Zürich",0.465454545454545,0.246181818181818,0.288363636363636
"FC Zürich-FC Lugano",0.553772727272727,0.176318181818182,0.269909090909091
