"match","win home team","draw","win away team"
"FC Basel 1893-FC Winterthur",0.622636363636364,0.267,0.110363636363636
"FC Lausanne-Sport-Servette FC",0.322045454545455,0.241545454545455,0.436409090909091
"FC Lugano-Yverdon Sport FC",0.6735,0.199045454545454,0.127454545454545
"FC Luzern-Grasshopper Club Zürich",0.593636363636364,0.231863636363636,0.1745
"FC St. Gallen 1879-FC Sion",0.450545454545455,0.357772727272727,0.191681818181818
"FC Zürich-BSC Young Boys",0.754181818181818,0.163409090909091,0.0824090909090909
