"match","win home team","draw","win away team"
"FC Basel 1893-FC Sion",0.483854545454545,0.199145454545455,0.317
"FC Lugano-FC Zürich",0.453709090909091,0.296527272727273,0.249763636363636
"FC Luzern-FC Winterthur",0.621890909090909,0.302309090909091,0.0758
"FC St. Gallen 1879-Grasshopper Club Zürich",0.426909090909091,0.316690909090909,0.2564
"Servette FC-BSC Young Boys",0.271072727272727,0.310618181818182,0.418309090909091
