"match","win home team","draw","win away team"
"BSC Young Boys-FC Lugano",0.432181818181818,0.292272727272727,0.275545454545454
"FC Sion-FC Luzern",0.338545454545455,0.154954545454545,0.5065
"FC Winterthur-FC Lausanne-Sport",0.346136363636364,0.209818181818182,0.444045454545455
"Grasshopper Club Zürich-FC St. Gallen 1879",0.347,0.178363636363636,0.474636363636364
"Servette FC-FC Zürich",0.383818181818182,0.268090909090909,0.348090909090909
"Yverdon Sport FC-FC Basel 1893",0.479818181818182,0.223045454545454,0.297136363636364
