"match","win home team","draw","win away team"
"FC Basel 1893-FC Winterthur",0.503090909090909,0.2876,0.209309090909091
"FC Luzern-FC Lugano",0.591618181818182,0.140236363636364,0.268145454545455
"FC St. Gallen 1879-Servette FC",0.355090909090909,0.217018181818182,0.427890909090909
"FC Zürich-Grasshopper Club Zürich",0.212909090909091,0.357654545454545,0.429436363636364
