"match","win home team","draw","win away team"
"BSC Young Boys-FC Lausanne-Sport",0.808872727272727,0.154454545454545,0.0366727272727273
"FC St. Gallen 1879-FC Basel 1893",0.611763636363636,0.214390909090909,0.173845454545455
"FC Stade-Lausanne-Ouchy-FC Lugano",0.2846,0.268827272727273,0.446572727272727
"FC Winterthur-FC Luzern",0.193245454545455,0.249881818181818,0.556872727272727
"FC Zürich-Yverdon Sport FC",0.584854545454545,0.243036363636364,0.172109090909091
"Grasshopper Club Zürich-Servette FC",0.290363636363636,0.261854545454545,0.447781818181818
