"match","win home team","draw","win away team"
"FC Lausanne-Sport-FC Zürich",0.419318181818182,0.180727272727273,0.399954545454545
"FC Luzern-FC Lugano",0.389272727272727,0.299136363636364,0.311590909090909
"FC Sion-BSC Young Boys",0.365863636363636,0.242045454545455,0.392090909090909
"FC St. Gallen 1879-FC Basel 1893",0.263454545454546,0.287954545454545,0.448590909090909
"Grasshopper Club Zürich-Yverdon Sport FC",0.389636363636364,0.411045454545455,0.199318181818182
"Servette FC-FC Winterthur",0.6535,0.288636363636364,0.0578636363636364
