"match","win home team","draw","win away team"
"BSC Young Boys-Servette FC",0.692545454545455,0.255409090909091,0.0520454545454545
"FC Lausanne-Sport-FC Winterthur",0.414772727272727,0.221272727272727,0.363954545454546
"FC Lugano-FC Zürich",0.432545454545455,0.248454545454545,0.319
"FC St. Gallen 1879-FC Stade-Lausanne-Ouchy",0.524909090909091,0.3115,0.163590909090909
"Grasshopper Club Zürich-FC Luzern",0.395681818181818,0.119454545454545,0.484863636363636
"Yverdon Sport FC-FC Basel 1893",0.454863636363636,0.219954545454545,0.325181818181818
