"match","win home team","draw","win away team"
"FC Luzern-FC Winterthur",0.764172727272727,0.176054545454545,0.0597727272727273
"FC Sion-FC Basel 1893",0.312081818181818,0.313409090909091,0.374509090909091
"FC St. Gallen 1879-FC Lugano",0.411490909090909,0.256136363636364,0.332372727272727
"Grasshopper Club Zürich-BSC Young Boys",0.155690909090909,0.317145454545455,0.527163636363636
"Servette FC-FC Zürich",0.751545454545455,0.154309090909091,0.0941454545454545
