"match","win home team","draw","win away team"
"BSC Young Boys-Servette FC",0.623772727272727,0.151909090909091,0.224318181818182
"FC Basel 1893-Grasshopper Club Zürich",0.532954545454545,0.379636363636364,0.0874090909090909
"FC Lugano-FC Lausanne-Sport",0.418954545454545,0.372818181818182,0.208227272727273
"FC Winterthur-FC Luzern",0.365727272727273,0.0802727272727273,0.554
"FC Zürich-FC St. Gallen 1879",0.548818181818182,0.243727272727273,0.207454545454545
"Yverdon Sport FC-FC Sion",0.410454545454545,0.221090909090909,0.368454545454545
