"match","win home team","draw","win away team"
"BSC Young Boys-FC Sion",0.847272727272727,0.114545454545455,0.0381818181818182
"FC Basel 1893-FC St. Gallen 1879",0.482727272727273,0.327272727272727,0.19
"FC Lugano-FC Zürich",0.732727272727273,0.152727272727273,0.114545454545455
"Grasshopper Club Zürich-FC Winterthur",0.45,0.262727272727273,0.287272727272727
"Servette FC-FC Luzern",0.71,0.184545454545455,0.105454545454545
