"match","win home team","draw","win away team"
"FC Basel 1893-Yverdon Sport FC",0.268090909090909,0.295045454545454,0.436863636363636
"FC Lausanne-Sport-FC Lugano",0.467045454545454,0.151363636363636,0.381590909090909
"FC Luzern-Grasshopper Club Zürich",0.5905,0.245090909090909,0.164409090909091
"FC Stade-Lausanne-Ouchy-FC St. Gallen 1879",0.362954545454545,0.231636363636364,0.405409090909091
"FC Winterthur-BSC Young Boys",0.104272727272727,0.246681818181818,0.649045454545455
"FC Zürich-Servette FC",0.574454545454545,0.211681818181818,0.213863636363636
