"match","win home team","draw","win away team"
"FC Basel 1893-BSC Young Boys",0.125545454545455,0.528554545454545,0.3459
"FC Luzern-FC Zürich",0.749372727272727,0.150745454545455,0.0998818181818182
"FC St. Gallen 1879-FC Winterthur",0.750318181818182,0.153490909090909,0.0961909090909091
"Grasshopper Club Zürich-FC Sion",0.446163636363636,0.233245454545455,0.320590909090909
"Servette FC-FC Lugano",0.726181818181818,0.131854545454546,0.141963636363636
