"match","win home team","draw","win away team"
"BSC Young Boys-FC Stade-Lausanne-Ouchy",0.665954545454545,0.2455,0.0885454545454545
"FC Lausanne-Sport-FC Winterthur",0.525136363636364,0.181136363636364,0.293727272727273
"FC Lugano-FC Basel 1893",0.546681818181818,0.358727272727273,0.0945909090909091
"FC Zürich-FC St. Gallen 1879",0.595045454545455,0.207045454545454,0.197909090909091
"Grasshopper Club Zürich-FC Luzern",0.397,0.217545454545455,0.385454545454545
"Yverdon Sport FC-Servette FC",0.181863636363636,0.290363636363636,0.527772727272727
