"match","win home team","draw","win away team"
"BSC Young Boys-FC Lausanne-Sport",0.794709090909091,0.163345454545455,0.0419454545454545
"FC St. Gallen 1879-FC Basel 1893",0.609981818181818,0.215781818181818,0.174236363636364
"FC Stade-Lausanne-Ouchy-FC Lugano",0.282672727272727,0.266472727272727,0.450854545454545
"FC Winterthur-FC Luzern",0.193036363636364,0.246836363636364,0.560127272727273
"FC Zürich-Yverdon Sport FC",0.586018181818182,0.243327272727273,0.170654545454546
"Grasshopper Club Zürich-Servette FC",0.291036363636364,0.2616,0.447363636363636
